{
    "name": "recursive-components-react",
    "type": "folder",
    "items": [
        {
            "name": ".gitignore",
            "type": "file"
        },
        {
            "name": "index.html",
            "type": "file"
        },
        {
            "name": "package-lock.json",
            "type": "file"
        },
        {
            "name": "package.json",
            "type": "file"
        },
        {
            "name": "vite.config.js",
            "type": "file"
        },
        {
            "name": "src",
            "type": "folder",
            "items": [
                {
                    "name": "App.css",
                    "type": "file"
                },
                {
                    "name": "App.jsx",
                    "type": "file"
                },
                {
                    "name": "index.css",
                    "type": "file"
                },
                {
                    "name": "main.jsx",
                    "type": "file"
                },
                {
                    "name": "components",
                    "type": "folder",
                    "items": [
                        {
                            "name": "Checkbox.jsx",
                            "type": "file"
                        }
                    ]
                },
                {
                    "name": "pages",
                    "type": "folder",
                    "items": [
                        {
                            "name": "Home.jsx",
                            "type": "file"
                        },
                        {
                            "name": "About.jsx",
                            "type": "file"
                        }
                    ]
                }
            ]
        }
    ]

}